feature,importance
mean_flight_unconfident_ms,0.4380469178585588
words,0.20174364501073766
mean_dwell_confident_ms,0.19697042813418894
mean_dwell_unconfident_ms,0.16323900899651467
