feature,importance
mean_dwell_confident_ms,0.41049773625767355
words,0.22218913981032548
mean_flight_unconfident_ms,0.205594670460536
mean_flight_confident_ms,0.16171845347146493
