feature,importance
mean_flight_confident_ms,0.4932760483260716
mean_dwell_unconfident_ms,0.19035222130223028
words,0.15908895021558986
mean_dwell_confident_ms,0.15728278015610847
